time,415,445,480,515,555,590,630,680,Clear,NIR,Heartrate,Oxygen,R,Confidence
86914,146,141,161,310,412,991,3192,3148,4500,531,0,0,0.00,0
178711,146,141,161,307,403,979,3178,3146,4500,525,0,0,0.00,0
266601,145,140,159,303,402,976,3173,3135,4500,527,0,0,0.00,0
354492,145,139,159,303,403,979,3174,3141,4500,527,0,0,0.00,0
442382,145,139,159,303,404,979,3172,3138,4500,546,0,0,0.00,0
530273,145,139,159,303,406,981,3190,3170,4500,570,0,0,0.00,0
612304,147,142,161,306,406,983,3183,3143,4500,529,0,0,0.00,0
699218,146,141,161,308,411,989,3204,3178,4500,549,0,0,0.00,0
791015,145,140,160,308,415,994,3211,3181,4500,573,0,0,0.00,0
874023,147,142,162,312,411,985,3181,3146,4500,526,0,0,0.00,0
961914,144,139,159,306,406,980,3173,3135,4500,566,0,0,0.00,0
1049804,145,140,159,305,406,979,3188,3169,4500,528,0,0,0.00,0
1132812,146,142,161,308,406,979,3172,3133,4500,527,0,0,0.00,0
1220703,145,140,159,306,410,980,3187,3167,4500,568,0,0,0.00,0
1308593,146,141,161,308,409,981,3181,3152,4500,529,0,0,0.00,0
1391601,146,141,161,309,412,987,3187,3147,4500,529,0,0,0.00,0
1483398,146,141,160,311,415,994,3196,3154,4500,529,0,0,0.00,0
1570312,146,141,162,313,421,998,3225,3194,4500,577,0,0,0.00,0
1653320,149,143,163,316,422,1005,3229,3177,4500,534,0,0,0.00,0
1740234,148,143,163,317,429,1012,3254,3213,4500,586,0,0,0.00,0
1827148,150,144,164,320,423,1001,3215,3167,4500,530,0,0,0.00,0
1910156,146,141,161,312,416,991,3202,3159,4500,528,0,0,0.00,0
1998047,148,143,162,312,414,987,3197,3159,4500,530,0,0,0.00,0
2085937,146,141,161,309,411,985,3193,3154,4500,527,0,0,0.00,0
2177734,146,142,161,309,407,980,3189,3151,4500,530,0,0,0.00,0
2264648,145,140,160,307,408,983,3190,3152,4500,531,0,0,0.00,0
2351562,145,140,160,308,411,985,3191,3151,4500,552,0,0,0.00,0
2439453,146,142,161,310,412,988,3208,3176,4500,533,0,0,0.00,0
2527343,146,141,161,311,413,989,3199,3145,4500,536,0,0,0.00,0
2610351,146,140,161,309,411,984,3189,3140,4500,533,0,0,0.00,0
2698242,146,141,162,309,409,981,3186,3134,4500,536,0,0,0.00,0
2785156,146,139,160,307,408,974,3177,3127,4500,537,0,0,0.00,0
2872070,144,139,160,304,401,946,3125,3089,4500,531,0,0,0.00,0
2959961,142,135,156,292,386,916,3086,3084,4500,550,0,0,0.00,0
3046875,141,136,154,286,377,905,3060,3052,4500,521,0,0,0.00,0
3128906,139,135,153,283,377,911,3072,3065,4500,517,0,0,0.00,0
3215820,141,136,154,284,377,922,3098,3087,4500,519,0,0,0.00,0
3303711,142,137,155,287,382,944,3140,3117,4500,521,0,0,0.00,0
3387695,143,139,157,293,392,963,3171,3136,4500,526,0,0,0.00,0
3475586,144,139,158,298,399,974,3188,3144,4500,528,0,0,0.00,0
3566406,146,141,160,304,405,984,3199,3153,4500,527,0,0,0.00,0
3649414,147,141,160,307,412,993,3210,3159,4500,529,0,0,0.00,0
3737304,148,142,162,312,416,999,3213,3162,4500,530,0,0,0.00,0
3825195,147,142,162,315,422,1009,3226,3165,4500,532,0,0,0.00,0
3907226,146,142,162,317,422,997,3195,3146,4500,526,0,0,0.00,0
3995117,146,140,160,313,415,986,3179,3140,4500,521,0,0,0.00,0
4083007,146,140,160,312,416,987,3180,3142,4500,528,0,0,0.00,0
4166015,145,140,160,312,420,989,3193,3170,4500,569,0,0,0.00,0
4257812,146,141,161,314,417,984,3174,3138,4500,524,0,0,0.00,0
4345703,145,140,160,312,415,978,3161,3128,4500,523,0,0,0.00,0
4433593,144,139,160,313,419,983,3164,3131,4500,525,0,0,0.00,0
4521484,145,140,159,314,422,985,3161,3130,4500,567,0,0,0.00,0
4609375,145,141,161,317,424,986,3176,3158,4500,528,0,0,0.00,0
4697265,145,141,161,318,426,990,3171,3132,4500,528,0,0,0.00,0
4785156,145,139,160,318,420,974,3129,3106,4500,519,0,0,0.00,0
4867187,144,138,158,310,415,960,3118,3100,4500,518,0,0,0.00,0
4958984,145,139,159,310,415,961,3132,3127,4500,519,0,0,0.00,0
5046875,145,139,158,309,413,959,3112,3097,4500,520,0,0,0.00,0
5129882,142,138,158,308,412,956,3110,3093,4500,520,0,0,0.00,0
5217773,144,139,159,309,413,961,3115,3093,4500,518,0,0,0.00,0
5305664,143,138,158,309,415,970,3125,3094,4500,520,0,0,0.00,0
5388672,144,138,159,313,419,980,3141,3100,4500,522,0,0,0.00,0
5476562,145,139,160,314,418,977,3139,3104,4500,523,0,0,0.00,0
5564453,143,138,159,310,418,976,3148,3115,4500,528,0,0,0.00,0
5651367,145,139,159,311,415,970,3152,3127,4500,525,0,0,0.00,0
5739257,143,139,159,306,406,958,3155,3153,4500,527,0,0,0.00,0
5827148,145,140,159,304,404,961,3162,3135,4500,534,0,0,0.00,0
5909179,145,139,159,302,404,958,3163,3130,4500,536,0,0,0.00,0
5997070,145,138,159,301,396,939,3131,3104,4500,533,0,0,0.00,0
6084961,143,137,156,295,390,935,3129,3110,4500,531,0,0,0.00,0
6172851,145,139,158,299,403,977,3206,3163,4500,545,0,0,0.00,0
6260742,148,142,162,306,414,996,3244,3209,4500,582,0,0,0.00,0
6348632,150,144,164,315,424,1008,3253,3208,4500,543,0,0,0.00,0
6440429,148,142,163,319,433,1010,3247,3216,4500,585,0,0,0.00,0
6528320,151,146,167,327,442,1023,3242,3194,4500,541,0,0,0.00,0
6616211,150,144,165,330,445,1025,3248,3187,4500,544,0,0,0.00,0
6704101,149,144,166,332,437,1019,3239,3171,4500,540,0,0,0.00,0
6791015,146,140,161,316,425,1014,3234,3168,4500,587,0,0,0.00,0
6874023,149,144,165,319,428,1029,3265,3199,4500,546,0,0,0.00,0
6961914,148,143,164,321,433,1041,3267,3176,4500,593,0,0,0.00,0
7048828,151,145,167,324,433,1041,3283,3212,4500,544,0,0,0.00,0
7135742,147,141,162,317,429,1036,3283,3220,4500,592,0,0,0.00,0
7223632,146,141,162,316,424,1020,3262,3189,4500,546,0,0,0.00,0
7311523,148,142,163,316,422,1006,3246,3180,4500,596,0,0,0.00,0
7395507,150,144,164,316,419,1006,3250,3205,4500,593,0,0,0.00,0
7483398,149,144,164,316,422,1015,3258,3188,4500,550,0,0,0.00,0
7571289,149,144,165,319,425,1020,3264,3188,4500,591,0,0,0.00,0
7654297,147,143,164,319,427,1012,3252,3198,4500,553,0,0,0.00,0
7742187,144,138,160,310,412,981,3178,3128,4500,573,0,0,0.00,0
7833984,146,141,161,306,408,987,3201,3148,4500,535,0,0,0.00,0
7916992,146,141,160,307,411,994,3213,3155,4500,578,0,0,0.00,0
8004882,148,141,162,310,410,992,3213,3157,4500,529,0,0,0.00,0
8092773,145,139,159,307,411,995,3218,3162,4500,537,0,0,0.00,0
8180664,146,141,161,309,418,1001,3241,3198,4500,594,0,0,0.00,0
8268554,150,146,166,315,417,1002,3235,3171,4500,537,0,0,0.00,0
8356445,147,141,161,313,420,1009,3242,3179,4500,540,0,0,0.00,0
8443359,148,142,163,317,426,1019,3255,3180,4500,545,0,0,0.00,0
8534179,151,145,166,323,428,1016,3237,3168,4500,540,0,0,0.00,0
8618164,146,140,161,315,419,1000,3203,3144,4500,533,0,0,0.00,0
8705078,145,140,160,312,416,994,3198,3138,4500,531,0,0,0.00,0
87891,139,134,152,286,388,943,3126,3105,4500,564,0,0,0.00,0
179687,143,138,156,295,395,957,3146,3115,4500,529,0,0,0.00,0
266601,144,140,159,299,395,954,3129,3103,4500,555,0,0,0.00,0
354492,140,135,152,289,381,926,3080,3072,4500,511,0,0,0.00,0
442383,140,137,153,286,378,920,3072,3064,4500,515,0,0,0.00,0
534180,143,138,155,287,378,915,3066,3060,4500,503,0,0,0.00,0
617187,137,133,150,283,380,915,3063,3059,4500,510,0,0,0.00,0
705078,138,134,151,284,381,921,3081,3089,4500,514,0,0,0.00,0
792969,141,136,154,289,386,929,3086,3075,4500,521,0,0,0.00,0
875976,143,137,156,292,390,935,3094,3082,4500,517,0,0,0.00,0
963867,145,140,157,296,394,944,3106,3089,4500,520,0,0,0.00,0
1051758,142,137,156,296,394,945,3111,3086,4500,515,0,0,0.00,0
1134766,139,134,152,291,385,922,3064,3057,4500,513,0,0,0.00,0
1226562,139,135,152,286,384,919,3076,3085,4500,560,0,0,0.00,0
1314453,143,138,156,289,384,921,3073,3065,4500,513,0,0,0.00,0
1397461,141,135,154,289,383,924,3079,3066,4500,510,0,0,0.00,0
1485351,141,136,155,291,386,932,3096,3098,4500,507,0,0,0.00,0
1573242,140,136,154,293,392,944,3106,3081,4500,515,0,0,0.00,0
1656250,142,137,155,297,400,957,3125,3094,4500,529,0,0,0.00,0
1743164,144,140,159,303,406,968,3139,3102,4500,531,0,0,0.00,0
1831055,146,141,159,307,410,977,3152,3111,4500,528,0,0,0.00,0
1922851,142,137,157,306,406,969,3127,3091,4500,521,0,0,0.00,0
2011719,142,137,157,303,405,965,3124,3093,4500,531,0,0,0.00,0
2099609,145,140,159,306,403,967,3134,3092,4500,516,0,0,0.00,0
2187500,141,136,156,304,406,974,3137,3100,4500,564,0,0,0.00,0
2275391,145,138,158,307,411,978,3160,3134,4500,526,0,0,0.00,0
2362305,145,140,159,310,416,988,3161,3112,4500,535,0,0,0.00,0
2450195,147,142,162,315,416,991,3168,3114,4500,521,0,0,0.00,0
2537109,142,138,158,313,424,1003,3184,3124,4500,570,0,0,0.00,0
2624023,146,140,162,318,429,1014,3196,3131,4500,542,0,0,0.00,0
2711914,146,140,162,321,428,1005,3176,3116,4500,537,0,0,0.00,0
2799805,147,141,163,318,420,998,3174,3111,4500,522,0,0,0.00,0
2882812,143,138,159,315,425,1010,3187,3122,4500,571,0,0,0.00,0
2970703,144,139,160,318,426,1013,3192,3125,4500,528,0,0,0.00,0
3059570,145,140,162,319,428,1016,3199,3129,4500,535,0,0,0.00,0
3142578,147,143,164,323,434,1026,3216,3139,4500,584,0,0,0.00,0
3230469,147,142,164,325,436,1030,3221,3144,4500,545,0,0,0.00,0
3322266,145,140,161,326,440,1037,3232,3152,4500,539,0,0,0.00,0
3405273,149,142,164,331,444,1043,3243,3158,4500,543,0,0,0.00,0
3493164,148,143,165,332,439,1032,3213,3134,4500,540,0,0,0.00,0
3581055,147,142,164,327,437,1029,3221,3137,4500,544,0,0,0.00,0
3663086,148,143,165,328,434,1030,3225,3141,4500,530,0,0,0.00,0
3750976,149,144,167,330,436,1033,3224,3146,4500,531,0,0,0.00,0
3838867,145,139,162,325,436,1037,3231,3149,4500,538,0,0,0.00,0
3925781,147,142,164,328,442,1041,3252,3185,4500,592,0,0,0.00,0
4017578,151,145,168,332,439,1042,3244,3155,4500,582,0,0,0.00,0
4105469,145,141,163,329,444,1046,3265,3192,4500,592,0,0,0.00,0
4193359,149,144,166,332,436,1033,3224,3139,4500,545,0,0,0.00,0
4281250,147,142,164,325,432,1026,3223,3141,4500,547,0,0,0.00,0
4369141,148,142,165,324,428,1027,3228,3146,4500,534,0,0,0.00,0
4457031,146,140,162,321,430,1029,3229,3146,4500,590,0,0,0.00,0
4543945,147,143,164,323,432,1030,3241,3172,4500,548,0,0,0.00,0
4626953,149,144,165,324,429,1031,3234,3148,4500,542,0,0,0.00,0
4720703,148,141,164,323,428,1031,3240,3152,4500,541,0,0,0.00,0
4807617,146,141,163,323,432,1035,3244,3152,4500,547,0,0,0.00,0
4890625,148,142,165,327,433,1031,3239,3166,4500,571,0,0,0.00,0
4978516,146,141,162,318,420,1013,3199,3123,4500,545,0,0,0.00,0
5067383,148,142,164,315,413,1009,3198,3120,4500,575,0,0,0.00,0
5149414,144,139,160,311,412,1006,3212,3149,4500,535,0,0,0.00,0
5237305,145,140,160,310,409,1002,3193,3120,4500,576,0,0,0.00,0
5326172,144,139,160,309,409,1004,3209,3149,4500,579,0,0,0.00,0
5418945,147,142,163,311,405,1003,3197,3124,4500,527,0,0,0.00,0
5507812,143,138,159,307,410,1006,3204,3130,4500,581,0,0,0.00,0
5595703,146,141,162,311,413,1007,3215,3155,4500,592,0,0,0.00,0
5683594,147,142,163,309,397,982,3162,3098,4500,526,0,0,0.00,0
5771484,143,137,157,298,391,977,3160,3099,4500,526,0,0,0.00,0
5860351,144,138,157,297,392,977,3161,3099,4500,534,0,0,0.00,0
5948242,145,138,158,297,391,975,3155,3095,4500,535,0,0,0.00,0
6037109,145,139,158,297,389,972,3157,3096,4500,568,0,0,0.00,0
6128906,143,138,157,296,392,975,3161,3102,4500,537,0,0,0.00,0
6216797,145,140,159,299,394,977,3164,3105,4500,573,0,0,0.00,0
6304687,143,138,157,298,393,977,3169,3122,4500,530,0,0,0.00,0
6387695,141,136,156,295,385,955,3121,3065,4500,525,0,0,0.00,0
6475586,140,135,153,288,379,949,3124,3090,4500,569,0,0,0.00,0
6562500,142,137,156,289,379,943,3106,3063,4500,533,0,0,0.00,0
6644531,143,137,156,288,375,935,3093,3055,4500,523,0,0,0.00,0
6732422,142,136,155,286,375,934,3096,3056,4500,529,0,0,0.00,0
6824219,139,134,153,284,377,939,3119,3093,4500,527,0,0,0.00,0
6907226,142,136,155,288,383,952,3123,3070,4500,536,0,0,0.00,0
6995117,143,137,157,293,387,959,3142,3098,4500,536,0,0,0.00,0
7083984,145,140,159,297,387,958,3131,3085,4500,528,0,0,0.00,0
7167969,140,135,154,290,379,945,3100,3048,4500,523,0,0,0.00,0
7255859,139,134,153,287,383,947,3118,3083,4500,571,0,0,0.00,0
7344726,142,136,156,291,383,950,3126,3095,4500,537,0,0,0.00,0
7432617,143,137,157,292,385,956,3126,3072,4500,530,0,0,0.00,0
7524414,141,136,155,292,389,968,3157,3110,4500,532,0,0,0.00,0
7612305,144,138,158,297,393,974,3151,3087,4500,538,0,0,0.00,0
7700195,144,139,160,300,394,978,3156,3088,4500,535,0,0,0.00,0
7788086,143,138,158,301,393,974,3149,3082,4500,526,0,0,0.00,0
7875976,142,136,156,297,393,968,3153,3111,4500,574,0,0,0.00,0
7963867,145,139,158,298,393,973,3157,3100,4500,539,0,0,0.00,0
8052734,146,140,161,301,389,971,3152,3093,4500,523,0,0,0.00,0
8136719,141,135,155,296,393,973,3149,3091,4500,534,0,0,0.00,0
8225586,141,137,156,296,394,972,3165,3125,4500,579,0,0,0.00,0
8317383,146,140,160,299,394,975,3166,3108,4500,533,0,0,0.00,0
8401367,144,138,158,298,397,983,3186,3135,4500,580,0,0,0.00,0
8489258,144,138,158,300,395,979,3167,3110,4500,531,0,0,0.00,0
8578125,142,138,157,297,390,969,3159,3105,4500,535,0,0,0.00,0
8661133,144,140,159,297,393,978,3173,3116,4500,581,0,0,0.00,0
8748047,144,139,159,298,396,984,3183,3123,4500,541,0,0,0.00,0
87891,148,142,163,307,403,994,3208,3147,4500,558,0,0,0.00,0
180664,144,137,158,300,393,977,3165,3095,4500,537,0,0,0.00,0
272461,146,141,161,299,387,974,3163,3095,4500,531,0,0,0.00,0
355469,142,136,157,295,390,971,3162,3097,4500,538,0,0,0.00,0
443359,142,138,157,296,388,969,3158,3094,4500,531,0,0,0.00,0
531250,142,138,158,296,390,973,3159,3091,4500,538,0,0,0.00,0
614258,144,138,159,297,395,973,3170,3107,4500,595,0,0,0.00,0
702148,143,138,159,298,395,976,3162,3096,4500,549,0,0,0.00,0
790039,147,141,161,301,391,968,3147,3080,4500,576,0,0,0.00,0
873047,140,135,155,293,386,957,3138,3094,4500,579,0,0,0.00,0
965820,142,137,158,292,384,953,3127,3069,4500,539,0,0,0.00,0
1053711,142,138,158,293,386,951,3118,3061,4500,538,0,0,0.00,0
1141601,142,138,157,291,378,939,3102,3046,4500,526,0,0,0.00,0
1230469,139,133,153,287,380,941,3103,3049,4500,532,0,0,0.00,0
1318359,141,136,156,290,385,948,3125,3085,4500,586,0,0,0.00,0
1406250,145,140,160,295,383,944,3110,3056,4500,530,0,0,0.00,0
1493164,140,135,155,290,381,938,3091,3038,4500,529,0,0,0.00,0
1581055,140,135,153,286,377,930,3083,3036,4500,531,0,0,0.00,0
1673828,141,136,157,287,374,918,3060,3016,4500,520,0,0,0.00,0
1760742,137,132,151,281,374,917,3054,3011,4500,531,0,0,0.00,0
1843750,138,132,152,282,376,913,3050,3023,4500,571,0,0,0.00,0
1931641,138,132,153,281,372,909,3026,2984,4500,527,0,0,0.00,0
2019531,139,133,154,283,377,917,3051,3000,4500,581,0,0,0.00,0
2102539,144,137,159,290,381,924,3075,3034,4500,527,0,0,0.00,0
2189453,142,136,157,290,378,911,3033,2989,4500,545,0,0,0.00,0
2277344,139,132,154,283,374,902,3037,3012,4500,528,0,0,0.00,0
2364258,139,132,154,281,374,901,3023,2984,4500,577,0,0,0.00,0
2452148,139,132,154,280,372,899,3024,2983,4500,533,0,0,0.00,0
2540039,140,134,155,279,366,894,3024,2992,4500,521,0,0,0.00,0
2627930,138,132,152,277,371,907,3060,3037,4500,573,0,0,0.00,0
2715820,140,135,155,282,373,910,3056,3017,4500,530,0,0,0.00,0
2803711,140,135,155,283,375,915,3059,3022,4500,536,0,0,0.00,0
2891601,141,136,156,283,368,908,3059,3026,4500,521,0,0,0.00,0
2979492,137,132,152,279,374,916,3066,3028,4500,574,0,0,0.00,0
3071289,140,135,155,285,377,918,3048,3005,4500,530,0,0,0.00,0
3159180,140,134,155,285,375,917,3053,3008,4500,567,0,0,0.00,0
3247070,138,133,153,284,380,925,3073,3045,4500,533,0,0,0.00,0
3333984,141,135,156,287,381,933,3083,3033,4500,539,0,0,0.00,0
3421875,143,137,158,291,386,940,3093,3039,4500,536,0,0,0.00,0
3509766,141,136,157,290,381,929,3071,3019,4500,555,0,0,0.00,0
3593750,138,134,154,288,384,934,3086,3048,4500,578,0,0,0.00,0
3681641,139,133,154,287,382,924,3055,3001,4500,529,0,0,0.00,0
3774414,143,137,158,291,380,917,3049,3007,4500,525,0,0,0.00,0
3857422,138,132,153,285,381,921,3060,3017,4500,529,0,0,0.00,0
3945312,140,135,156,288,381,922,3064,3017,4500,531,0,0,0.00,0
4033203,139,135,155,288,384,921,3066,3021,4500,534,0,0,0.00,0
4121094,141,135,157,290,387,920,3052,3010,4500,544,0,0,0.00,0
4208984,141,136,157,289,380,912,3046,3011,4500,571,0,0,0.00,0
4296875,138,134,154,286,382,921,3078,3054,4500,537,0,0,0.00,0
4384766,141,138,158,292,386,930,3085,3041,4500,539,0,0,0.00,0
4472656,142,137,158,294,390,934,3093,3044,4500,543,0,0,0.00,0
4565430,141,136,157,295,393,939,3095,3043,4500,540,0,0,0.00,0
4653320,142,136,158,296,396,943,3096,3039,4500,548,0,0,0.00,0
4741211,143,138,160,300,396,942,3091,3033,4500,539,0,0,0.00,0
4825195,139,134,156,297,394,930,3062,3013,4500,534,0,0,0.00,0
4912109,138,133,154,293,390,924,3059,3015,4500,532,0,0,0.00,0
4999023,140,134,155,293,392,929,3066,3022,4500,562,0,0,0.00,0
5086914,141,136,157,296,395,932,3087,3056,4500,544,0,0,0.00,0
5174805,143,138,160,298,393,931,3073,3026,4500,533,0,0,0.00,0
5267578,142,137,158,298,397,937,3093,3061,4500,584,0,0,0.00,0
5350586,144,139,160,302,401,943,3094,3043,4500,548,0,0,0.00,0
5437500,142,136,159,302,408,953,3118,3077,4500,596,0,0,0.00,0
5526367,146,141,163,308,404,947,3113,3071,4500,535,0,0,0.00,0
5608398,139,135,157,301,400,936,3072,3025,4500,540,0,0,0.00,0
5695312,140,136,157,299,397,933,3078,3037,4500,534,0,0,0.00,0
5783203,140,135,156,299,399,937,3078,3032,4500,539,0,0,0.00,0
5865234,141,137,157,301,403,937,3076,3031,4500,546,0,0,0.00,0
5958008,142,138,159,303,403,939,3090,3064,4500,582,0,0,0.00,0
6045898,141,137,159,302,403,938,3081,3036,4500,537,0,0,0.00,0
6133789,141,136,158,304,407,945,3093,3042,4500,540,0,0,0.00,0
6220703,143,137,160,306,411,955,3107,3054,4500,549,0,0,0.00,0
6308594,145,140,162,311,414,968,3138,3085,4500,589,0,0,0.00,0
6396484,143,140,161,315,423,986,3173,3118,4500,548,0,0,0.00,0
6484375,145,141,162,316,420,985,3155,3090,4500,545,0,0,0.00,0
6571289,146,140,162,317,424,994,3170,3102,4500,552,0,0,0.00,0
6664062,144,139,161,317,424,997,3177,3107,4500,546,0,0,0.00,0
6751953,145,141,163,321,428,1002,3180,3110,4500,547,0,0,0.00,0
6834961,145,142,164,323,434,1009,3196,3119,4500,562,0,0,0.00,0
6922851,146,143,165,326,438,1019,3208,3122,4500,556,0,0,0.00,0
7010742,148,143,166,330,437,1021,3209,3127,4500,541,0,0,0.00,0
7093750,144,140,163,330,447,1028,3224,3135,4500,600,0,0,0.00,0
7181641,144,141,165,333,449,1034,3232,3140,4500,555,0,0,0.00,0
7270508,148,143,167,339,456,1044,3243,3145,4500,562,0,0,0.00,0
7358398,147,143,167,340,458,1049,3247,3149,4500,552,0,0,0.00,0
7446289,149,146,170,345,461,1055,3268,3186,4500,555,0,0,0.00,0
7534180,148,144,168,344,457,1037,3213,3123,4500,552,0,0,0.00,0
7622070,148,143,166,337,449,1025,3204,3122,4500,555,0,0,0.00,0
7709961,149,145,168,337,445,1020,3200,3117,4500,543,0,0,0.00,0
7797851,144,141,164,333,446,1021,3212,3144,4500,594,0,0,0.00,0
7885742,147,143,166,334,444,1015,3192,3116,4500,549,0,0,0.00,0
7973633,147,143,166,334,446,1020,3199,3120,4500,555,0,0,0.00,0
8066406,145,141,165,333,448,1021,3217,3152,4500,551,0,0,0.00,0
8154297,147,143,166,334,450,1025,3206,3124,4500,557,0,0,0.00,0
8242187,149,145,168,338,448,1022,3204,3125,4500,550,0,0,0.00,0
8330078,147,142,165,335,448,1019,3203,3122,4500,547,0,0,0.00,0
8417969,146,141,165,335,451,1021,3219,3155,4500,603,0,0,0.00,0
8505859,147,144,168,336,452,1020,3212,3132,4500,560,0,0,0.00,0
8588867,149,145,168,336,441,996,3160,3094,4500,543,0,0,0.00,0
8676758,147,143,165,328,431,982,3152,3109,4500,541,0,0,0.00,0
8769531,143,139,162,321,427,978,3138,3081,4500,555,0,0,0.00,0
88867,142,137,160,313,419,951,3096,3069,4500,589,0,0,0.00,0
180664,140,135,156,309,413,939,3073,3035,4500,578,0,0,0.00,0
269532,141,137,158,310,417,942,3091,3066,4500,585,0,0,0.00,0
357422,144,139,161,313,419,946,3097,3073,4500,538,0,0,0.00,0
445313,142,138,160,313,416,948,3089,3049,4500,532,0,0,0.00,0
529297,140,136,158,313,420,950,3095,3048,4500,539,0,0,0.00,0
617188,141,138,160,315,422,954,3106,3054,4500,539,0,0,0.00,0
708985,144,140,162,319,426,964,3131,3092,4500,585,0,0,0.00,0
791992,143,139,162,320,428,970,3127,3069,4500,538,0,0,0.00,0
879883,141,138,160,319,422,954,3099,3058,4500,579,0,0,0.00,0
967774,141,137,158,311,415,939,3085,3063,4500,536,0,0,0.00,0
1050782,141,137,159,311,417,940,3074,3037,4500,540,0,0,0.00,0
1138672,140,137,158,310,418,938,3080,3060,4500,584,0,0,0.00,0
1225586,144,140,161,311,409,929,3055,3025,4500,528,0,0,0.00,0
1313477,140,135,157,306,409,927,3059,3027,4500,530,0,0,0.00,0
1406250,142,138,159,310,415,936,3068,3037,4500,542,0,0,0.00,0
1494141,143,139,160,312,414,937,3072,3038,4500,527,0,0,0.00,0
1582032,138,135,157,310,419,942,3078,3040,4500,534,0,0,0.00,0
1669922,141,137,160,313,423,948,3089,3049,4500,583,0,0,0.00,0
1758789,143,140,163,317,424,954,3105,3080,4500,584,0,0,0.00,0
1846680,143,139,161,318,424,951,3094,3051,4500,533,0,0,0.00,0
1935547,140,136,158,314,415,930,3050,3022,4500,533,0,0,0.00,0
2019532,140,136,157,307,411,923,3041,3019,4500,532,0,0,0.00,0
2111328,142,137,159,309,409,921,3041,3013,4500,523,0,0,0.00,0
2199219,137,133,154,304,411,919,3044,3038,4500,569,0,0,0.00,0
2282227,140,137,158,306,410,918,3041,3035,4500,535,0,0,0.00,0
2370117,139,136,156,306,412,919,3034,3016,4500,575,0,0,0.00,0
2458008,141,137,158,309,414,925,3056,3047,4500,534,0,0,0.00,0
2540039,141,138,159,311,412,923,3044,3020,4500,525,0,0,0.00,0
2626953,143,139,160,313,415,928,3062,3053,4500,527,0,0,0.00,0
2714844,140,135,157,311,418,932,3060,3030,4500,531,0,0,0.00,0
2806641,142,139,160,315,424,940,3069,3035,4500,543,0,0,0.00,0
2894532,143,139,161,318,418,936,3060,3027,4500,525,0,0,0.00,0
2982422,136,133,154,307,408,911,3016,2997,4500,522,0,0,0.00,0
3069336,138,135,155,303,407,910,3016,3001,4500,567,0,0,0.00,0
3157227,140,136,155,305,410,910,3025,3027,4500,536,0,0,0.00,0
3245117,141,137,157,306,402,900,2998,2988,4500,514,0,0,0.00,0
3333008,136,132,152,300,404,903,3003,2993,4500,521,0,0,0.00,0
3420899,138,135,155,303,409,908,3010,2997,4500,529,0,0,0.00,0
3508789,139,136,156,305,412,911,3029,3031,4500,576,0,0,0.00,0
3601563,137,133,154,305,410,914,3026,3008,4500,527,0,0,0.00,0
3689453,139,134,156,307,416,920,3037,3032,4500,574,0,0,0.00,0
3773438,143,139,159,311,415,920,3046,3043,4500,554,0,0,0.00,0
3861328,142,138,159,312,416,926,3045,3022,4500,524,0,0,0.00,0
3948242,138,133,154,308,410,910,3017,3020,4500,564,0,0,0.00,0
4030274,137,134,154,301,402,894,2983,2982,4500,520,0,0,0.00,0
4118164,136,132,152,299,402,895,2998,3010,4500,563,0,0,0.00,0
4206055,139,135,155,301,401,891,2978,2976,4500,525,0,0,0.00,0
4292969,136,133,153,298,398,886,2978,2998,4500,518,0,0,0.00,0
4380860,136,133,153,297,399,889,2973,2977,4500,515,0,0,0.00,0
4468750,137,132,152,298,403,895,2995,3010,4500,561,0,0,0.00,0
4550782,138,134,154,301,405,899,2990,2987,4500,528,0,0,0.00,0
4638672,137,134,154,301,408,900,3005,3016,4500,570,0,0,0.00,0
4727539,140,137,157,305,407,902,3011,3016,4500,521,0,0,0.00,0
4815430,139,135,155,304,408,906,3008,2997,4500,520,0,0,0.00,0
4903321,137,134,155,305,410,912,3018,3002,4500,529,0,0,0.00,0
4995117,141,138,158,308,403,897,2982,2979,4500,512,0,0,0.00,0
5083008,135,130,151,295,397,881,2954,2959,4500,510,0,0,0.00,0
5170899,135,131,152,295,395,879,2950,2961,4500,514,0,0,0.00,0
5258789,135,133,153,295,397,881,2959,2984,4500,560,0,0,0.00,0
5346680,139,134,154,296,391,870,2941,2964,4500,510,0,0,0.00,0
5435547,134,130,150,292,395,877,2941,2955,4500,514,0,0,0.00,0
5524414,136,132,152,296,398,882,2955,2962,4500,522,0,0,0.00,0
5613282,138,135,154,299,394,881,2955,2961,4500,508,0,0,0.00,0
5705078,138,134,153,299,398,888,2966,2968,4500,522,0,0,0.00,0
5787110,137,134,154,300,404,893,2976,2976,4500,523,0,0,0.00,0
5875000,138,135,154,302,407,900,2987,2981,4500,528,0,0,0.00,0
5962891,141,136,157,305,406,900,2990,2984,4500,514,0,0,0.00,0
6051758,135,131,152,302,405,894,2974,2973,4500,518,0,0,0.00,0
6139649,135,132,152,296,397,876,2935,2947,4500,557,0,0,0.00,0
6227539,137,134,154,295,394,870,2938,2971,4500,522,0,0,0.00,0
6315430,135,132,151,294,392,867,2919,2935,4500,506,0,0,0.00,0
6407227,135,131,150,292,394,867,2929,2962,4500,517,0,0,0.00,0
6495117,138,134,153,294,392,867,2923,2938,4500,510,0,0,0.00,0
6583985,133,130,150,292,395,873,2929,2943,4500,512,0,0,0.00,0
6671875,135,131,151,295,396,876,2938,2947,4500,514,0,0,0.00,0
6753907,136,132,151,297,402,881,2949,2956,4500,561,0,0,0.00,0
6841797,136,132,152,298,402,886,2957,2964,4500,525,0,0,0.00,0
6929688,138,135,156,302,401,888,2964,2964,4500,549,0,0,0.00,0
7012696,135,131,152,299,406,894,2986,2997,4500,550,0,0,0.00,0
7103516,137,133,154,303,409,897,2976,2974,4500,522,0,0,0.00,0
7191407,135,132,152,298,398,873,2925,2938,4500,517,0,0,0.00,0
7274414,136,132,152,294,392,865,2911,2933,4500,540,0,0,0.00,0
7362305,136,133,152,294,391,862,2906,2928,4500,503,0,0,0.00,0
7450196,132,129,148,291,389,858,2899,2921,4500,519,0,0,0.00,0
7533203,134,129,149,290,393,861,2912,2950,4500,544,0,0,0.00,0
7621094,133,130,149,291,394,865,2913,2930,4500,510,0,0,0.00,0
7708985,135,130,150,294,398,871,2925,2948,4500,553,0,0,0.00,0
7812500,137,133,153,297,396,872,2923,2938,4500,505,0,0,0.00,0
7900391,134,130,150,295,398,877,2931,2943,4500,510,0,0,0.00,0
7988282,134,131,151,298,405,883,2957,2979,4500,554,0,0,0.00,0
8076172,137,133,153,302,408,890,2956,2962,4500,521,0,0,0.00,0
8164063,139,136,156,305,405,889,2957,2961,4500,510,0,0,0.00,0
8248047,134,130,151,302,406,889,2949,2951,4500,516,0,0,0.00,0
8334961,133,130,150,296,395,866,2901,2921,4500,508,0,0,0.00,0
8422852,133,131,150,293,395,862,2898,2919,4500,510,0,0,0.00,0
8505860,134,131,150,293,394,861,2894,2916,4500,508,0,0,0.00,0
8597657,136,132,151,294,390,857,2897,2936,4500,532,0,0,0.00,0
8686524,133,130,148,291,394,859,2905,2942,4500,507,0,0,0.00,0
8770508,135,131,151,294,395,866,2901,2923,4500,513,0,0,0.00,0
86914,134,130,150,294,396,863,2905,2938,4500,509,0,0,0.00,0
174805,136,132,152,297,396,864,2899,2917,4500,534,0,0,0.00,0
262696,137,132,152,298,398,867,2907,2921,4500,497,0,0,0.00,0
350586,132,129,150,296,402,876,2920,2929,4500,514,0,0,0.00,0
433594,135,131,152,300,407,884,2940,2964,4500,557,0,0,0.00,0
526367,137,135,155,304,408,886,2941,2944,4500,513,0,0,0.00,0
615235,136,132,154,304,410,891,2950,2947,4500,509,0,0,0.00,0
698242,135,131,152,304,406,880,2921,2926,4500,508,0,0,0.00,0
786133,133,130,150,297,397,861,2884,2905,4500,501,0,0,0.00,0
874024,133,130,149,294,396,861,2886,2905,4500,509,0,0,0.00,0
957031,135,131,151,295,392,855,2878,2902,4500,498,0,0,0.00,0
1044922,135,132,151,294,391,853,2870,2897,4500,498,0,0,0.00,0
1132813,132,127,147,291,392,857,2877,2902,4500,500,0,0,0.00,0
1219727,134,131,150,294,398,866,2891,2911,4500,511,0,0,0.00,0
1307617,135,130,150,295,400,868,2909,2943,4500,519,0,0,0.00,0
1396485,137,133,154,300,397,869,2903,2918,4500,500,0,0,0.00,0
1483399,133,129,149,297,403,876,2917,2929,4500,507,0,0,0.00,0
1572266,136,131,151,300,406,882,2928,2936,4500,518,0,0,0.00,0
1661133,137,133,154,303,409,888,2939,2943,4500,511,0,0,0.00,0
1750000,134,131,152,303,411,892,2943,2948,4500,545,0,0,0.00,0
1836914,134,130,151,299,400,867,2904,2933,4500,514,0,0,0.00,0
1929688,135,132,151,296,393,855,2872,2893,4500,528,0,0,0.00,0
2017578,131,127,147,291,392,856,2884,2921,4500,514,0,0,0.00,0
2104492,134,129,150,293,391,853,2868,2894,4500,503,0,0,0.00,0
2191406,133,129,148,291,394,855,2869,2897,4500,510,0,0,0.00,0
2279297,136,132,152,293,392,855,2879,2902,4500,529,0,0,0.00,0
2366211,131,129,148,292,396,861,2893,2929,4500,503,0,0,0.00,0
2450196,133,130,149,294,398,865,2895,2915,4500,508,0,0,0.00,0
2538086,133,129,149,295,400,870,2915,2946,4500,548,0,0,0.00,0
2629883,137,133,153,300,399,874,2910,2923,4500,504,0,0,0.00,0
2712891,133,129,149,298,407,882,2937,2959,4500,550,0,0,0.00,0
2800781,134,129,150,299,407,886,2935,2942,4500,513,0,0,0.00,0
2887696,136,131,153,303,412,895,2961,2974,4500,553,0,0,0.00,0
2970703,137,134,155,307,415,900,2961,2959,4500,525,0,0,0.00,0
3058594,135,133,153,305,406,881,2922,2946,4500,554,0,0,0.00,0
3146485,137,133,152,298,394,861,2894,2923,4500,497,0,0,0.00,0
3234375,132,128,148,293,396,861,2889,2907,4500,501,0,0,0.00,0
3327149,134,130,150,295,395,862,2898,2937,4500,508,0,0,0.00,0
3415039,135,131,151,294,391,857,2883,2905,4500,498,0,0,0.00,0
3502930,131,128,147,291,394,861,2893,2917,4500,504,0,0,0.00,0
3590821,135,130,150,295,397,868,2906,2928,4500,517,0,0,0.00,0
3678711,136,131,152,297,397,869,2925,2958,4500,544,0,0,0.00,0
3767578,134,131,151,296,399,876,2937,2970,4500,549,0,0,0.00,0
3855469,137,132,152,298,402,881,2940,2952,4500,513,0,0,0.00,0
3943360,136,132,153,299,406,889,2953,2963,4500,521,0,0,0.00,0
4036133,135,132,152,300,405,893,2969,2972,4500,520,0,0,0.00,0
4124024,138,134,154,303,409,903,2983,2985,4500,524,0,0,0.00,0
4206055,140,136,156,307,413,909,2998,2995,4500,522,0,0,0.00,0
4293946,138,135,155,304,403,887,2947,2958,4500,518,0,0,0.00,0
4381836,137,132,152,295,390,869,2917,2938,4500,502,0,0,0.00,0
4464844,133,129,148,290,393,868,2915,2939,4500,543,0,0,0.00,0
4552735,133,128,148,289,387,862,2902,2929,4500,509,0,0,0.00,0
4640625,133,130,149,289,389,858,2896,2927,4500,512,0,0,0.00,0
4733399,133,129,148,289,388,861,2906,2936,4500,504,0,0,0.00,0
4821289,134,129,148,290,390,868,2914,2941,4500,508,0,0,0.00,0
4909180,135,131,150,292,394,873,2923,2947,4500,553,0,0,0.00,0
4997071,137,134,153,295,393,874,2940,2973,4500,510,0,0,0.00,0
5083985,135,131,150,294,395,879,2944,2962,4500,512,0,0,0.00,0
5170899,135,131,151,295,399,887,2954,2968,4500,516,0,0,0.00,0
5258789,136,133,152,298,405,892,2968,2980,4500,561,0,0,0.00,0
5346680,139,136,155,302,403,895,2981,3003,4500,517,0,0,0.00,0
5434571,138,133,153,301,404,896,2971,2974,4500,513,0,0,0.00,0
5527344,136,132,152,296,393,868,2920,2956,4500,538,0,0,0.00,0
5615235,138,133,152,290,384,853,2888,2921,4500,495,0,0,0.00,0
5703125,132,128,146,284,382,853,2883,2918,4500,502,0,0,0.00,0
5791992,133,129,148,286,380,848,2875,2914,4500,508,0,0,0.00,0
5879883,135,131,150,285,377,845,2872,2909,4500,497,0,0,0.00,0
5962891,133,128,147,283,383,853,2896,2942,4500,537,0,0,0.00,0
6050781,134,128,148,286,382,854,2893,2922,4500,501,0,0,0.00,0
6138672,132,129,148,286,385,861,2911,2952,4500,544,0,0,0.00,0
6231446,136,132,151,290,384,862,2906,2934,4500,502,0,0,0.00,0
6319336,132,128,148,287,389,869,2918,2941,4500,546,0,0,0.00,0
6408203,135,131,150,291,393,875,2936,2972,4500,552,0,0,0.00,0
6496094,137,133,153,295,393,878,2937,2957,4500,514,0,0,0.00,0
6583985,136,133,151,294,393,880,2941,2951,4500,510,0,0,0.00,0
6671875,134,130,149,292,387,861,2897,2921,4500,507,0,0,0.00,0
6759766,133,128,147,282,377,842,2863,2901,4500,509,0,0,0.00,0
6846680,135,130,148,281,375,837,2865,2919,4500,526,0,0,0.00,0
6938477,132,126,145,277,372,834,2845,2891,4500,532,0,0,0.00,0
7026367,133,128,146,277,372,832,2853,2914,4500,503,0,0,0.00,0
7114258,135,131,148,280,369,831,2847,2891,4500,490,0,0,0.00,0
7196289,132,127,145,277,372,837,2856,2898,4500,498,0,0,0.00,0
7284180,133,129,147,280,370,838,2862,2902,4500,492,0,0,0.00,0
7372071,132,128,146,281,375,844,2872,2909,4500,501,0,0,0.00,0
7455078,133,129,147,283,381,852,2886,2917,4500,512,0,0,0.00,0
7542969,133,129,148,284,383,857,2897,2925,4500,511,0,0,0.00,0
7634766,133,129,148,286,382,860,2902,2928,4500,505,0,0,0.00,0
7717774,133,129,148,287,386,867,2913,2935,4500,507,0,0,0.00,0
7805664,134,131,148,287,379,847,2868,2902,4500,501,0,0,0.00,0
7893555,131,127,145,277,369,827,2832,2879,4500,501,0,0,0.00,0
7981446,134,129,147,277,367,823,2829,2877,4498,489,0,0,0.00,0
8069336,128,125,143,273,364,820,2821,2872,4500,525,0,0,0.00,0
8157227,130,126,143,273,364,818,2825,2896,4497,523,0,0,0.00,0
8246094,132,129,145,276,367,823,2838,2902,4499,499,0,0,0.00,0
8338867,130,125,142,274,369,830,2835,2885,4500,532,0,0,0.00,0
8426758,131,128,145,276,371,834,2852,2914,4500,505,0,0,0.00,0
8515625,134,131,148,281,369,832,2849,2892,4500,491,0,0,0.00,0
8603516,130,126,144,278,373,839,2864,2901,4500,498,0,0,0.00,0
8691406,133,128,147,280,377,845,2874,2909,4500,506,0,0,0.00,0
8779297,133,130,149,284,380,850,2875,2909,4500,543,0,0,0.00,0
87891,130,126,144,274,357,803,2789,2861,4468,515,0,0,0.00,0
180664,127,124,140,265,353,791,2754,2823,4413,489,0,0,0.00,0
273438,127,122,139,261,346,782,2734,2811,4389,476,0,0,0.00,0
356446,126,123,140,261,345,781,2730,2812,4382,480,0,0,0.00,0
444336,127,123,140,260,346,779,2733,2809,4383,479,0,0,0.00,0
532227,127,124,140,262,351,787,2750,2821,4408,489,0,0,0.00,0
614258,129,126,142,266,349,790,2757,2826,4422,475,0,0,0.00,0
701172,130,125,142,266,353,795,2768,2834,4439,482,0,0,0.00,0
789063,128,123,141,266,355,801,2777,2841,4458,514,0,0,0.00,0
872071,127,124,141,267,361,811,2804,2876,4483,513,0,0,0.00,0
963868,130,127,143,271,363,818,2810,2863,4490,499,0,0,0.00,0
1051758,132,128,146,276,365,823,2821,2871,4496,493,0,0,0.00,0
1134766,130,126,144,275,367,828,2830,2878,4500,492,0,0,0.00,0
1222657,131,126,145,278,372,836,2848,2885,4500,491,0,0,0.00,0
1310547,131,127,144,279,376,838,2845,2884,4500,498,0,0,0.00,0
1393555,130,125,143,273,359,799,2765,2828,4444,519,0,0,0.00,0
1481446,127,124,140,265,355,791,2746,2815,4407,489,0,0,0.00,0
1569336,129,126,142,266,350,782,2729,2805,4398,497,0,0,0.00,0
1656250,125,121,138,261,349,782,2737,2828,4398,507,0,0,0.00,0
1748047,127,123,139,262,352,784,2734,2810,4402,519,0,0,0.00,0
1835938,129,127,142,267,352,788,2753,2838,4418,478,0,0,0.00,0
1922852,126,122,139,265,355,793,2753,2824,4429,477,0,0,0.00,0
2010743,127,122,140,266,358,801,2765,2831,4442,485,0,0,0.00,0
2094727,129,125,142,270,364,809,2782,2844,4458,497,0,0,0.00,0
2182618,129,126,143,272,366,815,2796,2852,4482,497,0,0,0.00,0
2270508,132,128,146,277,366,822,2807,2860,4489,487,0,0,0.00,0
2354493,128,124,143,275,374,832,2822,2869,4500,504,0,0,0.00,0
2447266,132,128,146,280,379,839,2849,2907,4500,540,0,0,0.00,0
2535157,134,130,149,286,381,846,2855,2894,4500,504,0,0,0.00,0
2619141,132,128,147,285,377,836,2830,2869,4500,493,0,0,0.00,0
2707032,129,124,142,274,364,803,2769,2847,4453,515,0,0,0.00,0
2794922,128,125,142,271,361,799,2750,2818,4429,485,0,0,0.00,0
2878907,127,125,141,270,362,798,2745,2817,4425,487,0,0,0.00,0
2966797,128,124,141,270,364,797,2752,2839,4433,512,0,0,0.00,0
3053711,131,127,144,272,360,794,2742,2813,4423,473,0,0,0.00,0
3140625,128,125,142,273,367,804,2760,2828,4448,485,0,0,0.00,0
3228516,128,124,142,273,369,810,2769,2833,4465,522,0,0,0.00,0
3316407,130,126,144,277,374,817,2794,2865,4489,499,0,0,0.00,0
3404297,132,128,146,281,373,820,2792,2847,4493,485,0,0,0.00,0
3492188,128,125,143,279,379,829,2811,2859,4499,494,0,0,0.00,0
3580078,131,128,145,283,384,837,2825,2872,4500,499,0,0,0.00,0
3667969,132,128,148,286,389,848,2844,2888,4500,535,0,0,0.00,0
3755860,133,130,149,291,389,849,2860,2908,4500,494,0,0,0.00,0
3848633,133,129,148,292,396,861,2864,2899,4500,545,0,0,0.00,0
3936524,134,129,149,290,380,826,2798,2864,4499,502,0,0,0.00,0
4024414,129,125,143,278,372,808,2761,2822,4467,484,0,0,0.00,0
4107422,127,124,142,276,370,808,2759,2823,4461,486,0,0,0.00,0
4195313,128,124,142,277,370,806,2762,2831,4460,483,0,0,0.00,0
4283203,128,124,143,275,370,805,2752,2818,4448,493,0,0,0.00,0
4366211,131,126,144,278,369,807,2761,2824,4466,482,0,0,0.00,0
4454102,132,128,146,281,371,814,2775,2832,4488,485,0,0,0.00,0
4545899,128,125,144,280,375,820,2796,2866,4495,494,0,0,0.00,0
4628907,131,127,145,282,379,827,2798,2848,4497,498,0,0,0.00,0
4715821,131,126,145,282,383,832,2819,2882,4500,515,0,0,0.00,0
4803711,133,129,148,287,382,836,2821,2865,4500,492,0,0,0.00,0
4886719,130,126,146,286,385,843,2835,2872,4500,498,0,0,0.00,0
4974610,132,129,148,290,385,840,2828,2866,4500,492,0,0,0.00,0
5062500,128,125,143,279,369,807,2753,2816,4454,486,0,0,0.00,0
5150391,128,123,142,273,368,802,2745,2811,4439,494,0,0,0.00,0
5242188,126,123,140,270,364,798,2740,2810,4431,480,0,0,0.00,0
5331055,127,123,141,270,363,793,2731,2804,4419,484,0,0,0.00,0
5418946,128,125,142,271,364,796,2736,2807,4437,505,0,0,0.00,0
5507813,128,125,142,272,362,801,2757,2838,4457,514,0,0,0.00,0
5595703,127,125,142,273,367,804,2770,2844,4458,490,0,0,0.00,0
5682618,129,125,143,274,368,811,2772,2830,4472,496,0,0,0.00,0
5771485,131,128,146,278,368,812,2778,2837,4480,482,0,0,0.00,0
5859375,128,124,142,275,370,820,2793,2845,4481,489,0,0,0.00,0
5951172,130,127,144,279,377,831,2809,2859,4499,502,0,0,0.00,0
6039063,132,128,146,280,363,803,2756,2815,4452,478,0,0,0.00,0
6122071,124,120,137,265,355,781,2713,2807,4398,513,0,0,0.00,0
6209961,123,120,137,261,350,775,2692,2776,4350,472,0,0,0.00,0
6297852,125,121,138,261,351,775,2698,2793,4373,509,0,0,0.00,0
6381836,127,123,140,263,348,772,2698,2795,4365,505,0,0,0.00,0
6469727,126,122,139,262,348,775,2698,2780,4356,479,0,0,0.00,0
6556641,126,122,139,264,351,781,2719,2811,4403,505,0,0,0.00,0
6643555,126,122,139,265,356,790,2726,2799,4411,516,0,0,0.00,0
6731446,127,123,140,267,357,791,2734,2806,4413,483,0,0,0.00,0
6819336,129,125,142,269,360,799,2749,2815,4433,485,0,0,0.00,0
6907227,129,125,143,271,362,805,2771,2845,4465,514,0,0,0.00,0
6995118,127,124,142,272,366,811,2777,2841,4474,490,0,0,0.00,0
7083985,130,126,144,275,371,820,2793,2845,4490,499,0,0,0.00,0
7171875,131,127,145,276,355,794,2727,2799,4404,475,0,0,0.00,0
7259766,124,120,137,260,347,769,2680,2765,4336,470,0,0,0.00,0
7347657,124,120,138,260,347,765,2680,2778,4346,503,0,0,0.00,0
7439453,127,122,139,262,344,762,2666,2757,4319,463,0,0,0.00,0
7527344,122,118,135,256,346,763,2677,2777,4344,503,0,0,0.00,0
7614258,125,121,138,260,348,769,2678,2766,4337,476,0,0,0.00,0
7701172,125,121,138,262,351,779,2693,2778,4359,484,0,0,0.00,0
7789063,128,125,141,266,349,779,2703,2781,4375,471,0,0,0.00,0
7872071,124,120,138,264,357,786,2725,2814,4415,510,0,0,0.00,0
7959961,125,122,139,267,357,792,2729,2799,4416,481,0,0,0.00,0
8048828,127,123,141,270,363,800,2748,2813,4451,508,0,0,0.00,0
8135743,129,126,144,274,363,806,2758,2814,4461,481,0,0,0.00,0
8223633,132,127,145,277,366,811,2770,2830,4482,483,0,0,0.00,0
8311524,127,124,141,275,363,805,2743,2805,4445,488,0,0,0.00,0
8393555,126,123,139,266,353,773,2680,2764,4352,478,0,0,0.00,0
8481446,124,120,137,262,351,770,2675,2759,4340,475,0,0,0.00,0
8569336,124,122,139,263,351,770,2672,2757,4336,478,0,0,0.00,0
8657227,127,122,139,264,348,764,2667,2771,4353,499,0,0,0.00,0
8745118,122,119,136,259,349,769,2672,2765,4336,472,0,0,0.00,0
88868,125,122,138,261,350,767,2667,2768,4323,482,0,0,0.00,0
180664,123,120,137,260,350,768,2678,2772,4358,504,0,0,0.00,0
268555,125,122,138,262,352,776,2693,2783,4358,478,0,0,0.00,0
357422,126,123,140,266,356,783,2700,2773,4369,479,0,0,0.00,0
445313,127,123,141,268,355,788,2712,2781,4391,472,0,0,0.00,0
534180,126,121,139,269,362,796,2727,2795,4416,485,0,0,0.00,0
621094,127,123,141,272,366,804,2745,2804,4452,517,0,0,0.00,0
708985,130,126,145,278,366,805,2756,2825,4453,482,0,0,0.00,0
800782,124,121,138,266,350,770,2666,2755,4345,501,0,0,0.00,0
889649,123,121,137,261,349,763,2655,2759,4312,501,0,0,0.00,0
977539,126,122,139,260,339,751,2629,2727,4274,459,0,0,0.00,0
1065430,121,117,134,255,341,753,2630,2728,4275,468,0,0,0.00,0
1152344,123,120,136,257,342,753,2634,2730,4279,468,0,0,0.00,0
1241211,123,121,136,259,345,762,2652,2742,4318,501,0,0,0.00,0
1325196,124,120,138,259,345,766,2672,2769,4347,502,0,0,0.00,0
1413086,125,121,138,262,347,770,2677,2755,4337,469,0,0,0.00,0
1504883,125,121,139,264,354,783,2698,2773,4369,483,0,0,0.00,0
1588868,129,124,141,268,355,789,2718,2789,4397,475,0,0,0.00,0
1676758,130,126,144,273,361,803,2754,2814,4439,477,0,0,0.00,0
1765625,128,123,141,274,371,823,2791,2842,4482,491,0,0,0.00,0
1853516,131,126,145,280,376,842,2830,2869,4500,503,0,0,0.00,0
1941407,133,129,147,284,373,830,2796,2843,4491,525,0,0,0.00,0
2029297,129,125,143,274,358,800,2747,2824,4417,488,0,0,0.00,0
2117188,126,123,141,269,358,799,2734,2800,4399,482,0,0,0.00,0
2208985,128,126,144,272,359,799,2748,2827,4408,484,0,0,0.00,0
2296875,127,124,141,270,356,795,2735,2802,4401,478,0,0,0.00,0
2383789,127,122,139,268,361,807,2750,2815,4421,485,0,0,0.00,0
2470703,128,124,142,273,368,816,2771,2829,4459,526,0,0,0.00,0
2557618,131,127,145,278,370,821,2789,2850,4475,494,0,0,0.00,0
2645508,131,127,145,278,369,822,2791,2839,4481,479,0,0,0.00,0
2733399,128,124,143,277,375,831,2804,2852,4485,493,0,0,0.00,0
2817383,131,128,145,283,381,842,2824,2864,4500,504,0,0,0.00,0
2909180,133,130,148,286,384,845,2842,2893,4500,509,0,0,0.00,0
2997071,133,129,148,288,385,852,2845,2880,4500,494,0,0,0.00,0
3079102,131,128,146,288,388,861,2860,2887,4500,503,0,0,0.00,0
3166993,131,127,146,288,380,836,2808,2847,4497,495,0,0,0.00,0
3254883,129,126,143,278,368,814,2765,2821,4449,491,0,0,0.00,0
3337891,129,127,144,277,366,810,2756,2822,4441,482,0,0,0.00,0
3425782,129,126,145,277,367,811,2764,2824,4445,485,0,0,0.00,0
3513672,129,125,143,275,364,808,2759,2820,4437,480,0,0,0.00,0
3605469,128,125,143,275,370,820,2782,2837,4470,493,0,0,0.00,0
3692383,131,128,146,280,374,831,2806,2856,4481,490,0,0,0.00,0
3780274,130,129,146,282,378,840,2833,2888,4500,526,0,0,0.00,0
3868164,130,127,145,283,380,846,2838,2877,4500,500,0,0,0.00,0
3956055,132,129,148,287,387,857,2857,2889,4500,504,0,0,0.00,0
4043946,135,130,150,291,387,860,2863,2896,4500,497,0,0,0.00,0
4132813,131,128,147,290,388,863,2872,2900,4500,502,0,0,0.00,0
4220703,133,129,149,292,391,867,2882,2912,4500,537,0,0,0.00,0
4303711,132,130,149,288,375,827,2804,2866,4490,499,0,0,0.00,0
4394532,131,127,145,277,363,806,2759,2822,4438,478,0,0,0.00,0
4481446,126,123,141,271,361,800,2747,2817,4419,479,0,0,0.00,0
4563477,127,124,141,270,360,801,2754,2835,4419,486,0,0,0.00,0
4651368,126,122,140,267,357,798,2741,2812,4421,512,0,0,0.00,0
4739258,128,125,142,270,363,806,2767,2846,4440,516,0,0,0.00,0
4822266,131,128,145,275,362,808,2768,2835,4443,486,0,0,0.00,0
4910157,130,126,144,274,364,815,2791,2862,4477,518,0,0,0.00,0
4999024,130,127,143,275,366,819,2802,2871,4482,491,0,0,0.00,0
5085938,129,126,144,277,373,830,2817,2871,4500,532,0,0,0.00,0
5172852,130,126,145,279,373,836,2826,2871,4499,503,0,0,0.00,0
5261719,133,130,147,283,375,840,2837,2878,4500,513,0,0,0.00,0
5344727,130,126,145,282,376,836,2830,2887,4500,524,0,0,0.00,0
5432618,127,123,141,272,356,798,2743,2810,4407,476,0,0,0.00,0
5520508,126,123,140,267,353,789,2733,2817,4411,508,0,0,0.00,0
5607422,127,124,140,265,352,786,2725,2811,4374,487,0,0,0.00,0
5695313,128,124,141,266,348,781,2713,2795,4363,474,0,0,0.00,0
5787110,127,123,139,263,349,784,2723,2801,4374,479,0,0,0.00,0
5875000,127,123,140,264,353,794,2738,2816,4399,489,0,0,0.00,0
5963868,130,126,143,269,352,794,2746,2817,4410,478,0,0,0.00,0
6046875,125,122,139,265,357,803,2762,2828,4441,506,0,0,0.00,0
6135743,126,123,140,268,360,810,2777,2839,4451,486,0,0,0.00,0
6223633,129,126,143,272,365,818,2794,2850,4473,499,0,0,0.00,0
6307618,132,129,147,277,365,824,2805,2855,4478,485,0,0,0.00,0
6395508,132,128,146,278,368,830,2819,2864,4495,489,0,0,0.00,0
6487305,130,128,146,277,361,811,2777,2832,4448,488,0,0,0.00,0
6570313,128,124,140,265,351,786,2723,2798,4370,485,0,0,0.00,0
6658203,127,123,140,263,350,780,2715,2810,4361,486,0,0,0.00,0
6747071,128,126,141,264,342,775,2705,2789,4348,464,0,0,0.00,0
6830078,123,120,136,258,346,776,2706,2789,4344,473,0,0,0.00,0
6916993,124,121,137,259,346,782,2717,2798,4363,477,0,0,0.00,0
7004883,126,122,139,262,350,788,2735,2811,4386,482,0,0,0.00,0
7088868,127,125,141,266,353,796,2750,2820,4408,487,0,0,0.00,0
7180664,131,126,143,270,353,802,2765,2840,4439,508,0,0,0.00,0
7269532,127,124,140,268,360,812,2794,2869,4466,523,0,0,0.00,0
7357422,131,127,144,274,365,821,2803,2860,4478,498,0,0,0.00,0
7445313,132,128,146,276,366,825,2818,2864,4487,488,0,0,0.00,0
7532227,129,126,143,276,369,832,2830,2875,4495,494,0,0,0.00,0
7620118,129,126,145,279,374,839,2842,2900,4500,534,0,0,0.00,0
7708985,130,127,144,275,358,801,2759,2843,4421,491,0,0,0.00,0
7796875,130,127,144,268,349,787,2729,2805,4373,470,0,0,0.00,0
7888672,126,123,140,263,349,784,2733,2824,4376,478,0,0,0.00,0
7976563,128,125,140,263,349,787,2727,2805,4363,484,0,0,0.00,0
8065430,128,124,141,264,348,786,2734,2809,4371,472,0,0,0.00,0
8154297,126,122,139,264,353,799,2752,2825,4398,482,0,0,0.00,0
8243164,128,124,141,269,359,808,2769,2834,4425,492,0,0,0.00,0
8327149,130,127,144,272,357,807,2778,2840,4435,480,0,0,0.00,0
8414063,130,127,144,272,361,816,2793,2850,4461,480,0,0,0.00,0
8501953,128,124,142,273,367,827,2818,2870,4476,493,0,0,0.00,0
8588868,131,128,146,278,375,842,2840,2884,4496,503,0,0,0.00,0
8675782,132,129,147,282,376,849,2854,2892,4500,505,0,0,0.00,0
8763672,132,129,147,279,361,816,2788,2844,4442,478,0,0,0.00,0